﻿<?xml version="1.0" encoding="UTF-8" standalone="yes"?>
<addon id="plugin.audio.hellenic.podcasts" name="Hellenic Podcasts" version="1.0.0" provider-name="lambda">
	<requires>
		<import addon="xbmc.python" version="2.1.0"/>
		<import addon="script.common.plugin.cache" version="0.9.1"/>
		<import addon="script.module.parsedom" version="0.9.1"/>
	</requires>
	<extension point="xbmc.python.pluginsource" library="default.py">
		<provides>audio</provides>
	</extension>
	<extension point="xbmc.addon.metadata">
		<summary lang="en">Listen the latest podcasts from Greek radio stations</summary>
		<summary lang="el">Ακούστε πρόσφατες εκπομπές από ελληνικούς ραδιοφωνικούς σταθμούς</summary>
		<description lang="en">Listen the latest podcasts from Greek radio stations.[CR]The addon includes news from Greece and the world and keeps you informed of all developments.</description>
		<description lang="el">Ακούστε πρόσφατες εκπομπές από ελληνικούς ραδιοφωνικούς σταθμούς.[CR]Το πρόσθετο περιλαμβάνει ειδήσεις από την Ελλάδα και τον κόσμο.</description>
		<disclaimer lang="en">Τhis addon offers content available in Greece.</disclaimer>
		<disclaimer lang="el">Το πρόσθετο αυτό προσφέρει περιεχόμενο διαθέσιμο στην Ελλάδα.</disclaimer>
		<platform>all</platform>
	</extension>
</addon>